Bookeo ID,First Name,Last Name,Phone Number,Safety Class Date,Safety Class Trainer,
12345,Jennifer,Perez,232-251-1924,1/3/23,Sam Sames,
13456,Ann,Edgerton,232-251-1925,1/4/23,Ann Annson,
14567,Matt,Edgerton,232-251-1926,1/5/23,Jennifer Jennton,
15678,George,Smith,232-251-1927,1/6/23,Sam Sames,
16789,Sam,Davis,232-251-1928,1/7/23,Matt Mattman,
17900,Jennifer,Smith,232-251-1929,1/8/23,Jennifer Jennton,
19011,Ann,Rogers,232-251-1930,1/9/23,Matt Mattman,
20122,Sam,Smith,232-251-1931,1/10/23,Jennifer Jennton,
21233,Ann,Edgerton,232-251-1932,1/11/23,Jennifer Jennton,
22344,Jennifer,Davis,232-251-1933,1/12/23,Jennifer Jennton,
23455,Jennifer,Edgerton,232-251-1934,1/13/23,Sam Sames,
24566,George,Edgerton,232-251-1935,1/14/23,Bob Robertson,
25677,Jennifer,Davis,232-251-1936,1/15/23,Jennifer Jennton,
26788,Sam,Perez,232-251-1937,1/16/23,Jennifer Jennton,
27899,Sam,Davis,232-251-1938,1/17/23,Sam Sames,
29010,Sam,Davis,232-251-1939,1/18/23,Jennifer Jennton,
30121,Sam,Smith,232-251-1940,1/19/23,Sam Sames,
31232,Ann,Perez,232-251-1941,1/20/23,Matt Mattman,
32343,Jennifer,Perez,232-251-1942,1/21/23,Ann Annson,
33454,George,Rogers,232-251-1943,1/22/23,Ann Annson,
34565,Matt,Davis,232-251-1944,1/23/23,Bob Robertson,
35676,Jennifer,Edgerton,232-251-1945,1/24/23,Bob Robertson,
36787,Ann,Smith,232-251-1946,1/25/23,Sam Sames,
37898,Jennifer,Rogers,232-251-1947,1/26/23,Sam Sames,
39009,Jennifer,Perez,232-251-1948,1/27/23,Jennifer Jennton,AF
40120,Matt,Davis,232-251-1949,1/28/23,Matt Mattman,
41231,George,Perez,232-251-1950,1/29/23,Matt Mattman,